"","finalresultNorm.Pr","finalresultNorm.Power2","finalresultNorm.Power3","finalresultNorm.OutlierExclusion","finalresultNorm.IndependentVariables","finalresultNorm.Type","finalresultNorm.SampleSize","finalresultBin.Pr","finalresultBin.Power2","finalresultBin.Power3","finalresultBin.OutlierExclusion","finalresultBin.IndependentVariables","finalresultBin.Type","finalresultBin.SampleSize","finalresultNormBin.Pr","finalresultNormBin.Power2","finalresultNormBin.Power3","finalresultNormBin.OutlierExclusion","finalresultNormBin.IndependentVariables","finalresultNormBin.Type","finalresultNormBin.SampleSize","finalresultBinNorm.Pr","finalresultBinNorm.Power2","finalresultBinNorm.Power3","finalresultBinNorm.OutlierExclusion","finalresultBinNorm.IndependentVariables","finalresultBinNorm.Type","finalresultBinNorm.SampleSize"
"481",0.209,"Power2 True","Power3 TRUE","SD FALSE",1,1,50,0.210333333333333,"Power2 True","Power3 TRUE","SD FALSE",1,2,50,0.190666666666667,"Power2 True","Power3 TRUE","SD FALSE",1,3,50,0.223666666666667,"Power2 True","Power3 TRUE","SD FALSE",1,4,50
"482",0.310666666666667,"Power2 True","Power3 TRUE","SD FALSE",2,1,50,0.344333333333333,"Power2 True","Power3 TRUE","SD FALSE",2,2,50,0.295333333333333,"Power2 True","Power3 TRUE","SD FALSE",2,3,50,0.321666666666667,"Power2 True","Power3 TRUE","SD FALSE",2,4,50
"483",0.474,"Power2 True","Power3 TRUE","SD FALSE",3,1,50,0.473333333333333,"Power2 True","Power3 TRUE","SD FALSE",3,2,50,0.438,"Power2 True","Power3 TRUE","SD FALSE",3,3,50,0.491333333333333,"Power2 True","Power3 TRUE","SD FALSE",3,4,50
"493",0.192666666666667,"Power2 True","Power3 TRUE","SD FALSE",1,1,100,0.209333333333333,"Power2 True","Power3 TRUE","SD FALSE",1,2,100,0.190666666666667,"Power2 True","Power3 TRUE","SD FALSE",1,3,100,0.231,"Power2 True","Power3 TRUE","SD FALSE",1,4,100
"494",0.294333333333333,"Power2 True","Power3 TRUE","SD FALSE",2,1,100,0.324333333333333,"Power2 True","Power3 TRUE","SD FALSE",2,2,100,0.306666666666667,"Power2 True","Power3 TRUE","SD FALSE",2,3,100,0.315333333333333,"Power2 True","Power3 TRUE","SD FALSE",2,4,100
"495",0.419666666666667,"Power2 True","Power3 TRUE","SD FALSE",3,1,100,0.460333333333333,"Power2 True","Power3 TRUE","SD FALSE",3,2,100,0.417333333333333,"Power2 True","Power3 TRUE","SD FALSE",3,3,100,0.459,"Power2 True","Power3 TRUE","SD FALSE",3,4,100
"505",0.200666666666667,"Power2 True","Power3 TRUE","SD FALSE",1,1,150,0.206,"Power2 True","Power3 TRUE","SD FALSE",1,2,150,0.177,"Power2 True","Power3 TRUE","SD FALSE",1,3,150,0.202666666666667,"Power2 True","Power3 TRUE","SD FALSE",1,4,150
"506",0.281,"Power2 True","Power3 TRUE","SD FALSE",2,1,150,0.331333333333333,"Power2 True","Power3 TRUE","SD FALSE",2,2,150,0.286666666666667,"Power2 True","Power3 TRUE","SD FALSE",2,3,150,0.326666666666667,"Power2 True","Power3 TRUE","SD FALSE",2,4,150
"507",0.413333333333333,"Power2 True","Power3 TRUE","SD FALSE",3,1,150,0.432,"Power2 True","Power3 TRUE","SD FALSE",3,2,150,0.404666666666667,"Power2 True","Power3 TRUE","SD FALSE",3,3,150,0.454333333333333,"Power2 True","Power3 TRUE","SD FALSE",3,4,150
"517",0.186,"Power2 True","Power3 TRUE","SD FALSE",1,1,200,0.218666666666667,"Power2 True","Power3 TRUE","SD FALSE",1,2,200,0.178,"Power2 True","Power3 TRUE","SD FALSE",1,3,200,0.202,"Power2 True","Power3 TRUE","SD FALSE",1,4,200
"518",0.285,"Power2 True","Power3 TRUE","SD FALSE",2,1,200,0.307333333333333,"Power2 True","Power3 TRUE","SD FALSE",2,2,200,0.282333333333333,"Power2 True","Power3 TRUE","SD FALSE",2,3,200,0.313666666666667,"Power2 True","Power3 TRUE","SD FALSE",2,4,200
"519",0.420666666666667,"Power2 True","Power3 TRUE","SD FALSE",3,1,200,0.442666666666667,"Power2 True","Power3 TRUE","SD FALSE",3,2,200,0.385333333333333,"Power2 True","Power3 TRUE","SD FALSE",3,3,200,0.426666666666667,"Power2 True","Power3 TRUE","SD FALSE",3,4,200
"529",0.18,"Power2 True","Power3 TRUE","SD FALSE",1,1,250,0.226666666666667,"Power2 True","Power3 TRUE","SD FALSE",1,2,250,0.182666666666667,"Power2 True","Power3 TRUE","SD FALSE",1,3,250,0.193666666666667,"Power2 True","Power3 TRUE","SD FALSE",1,4,250
"530",0.295666666666667,"Power2 True","Power3 TRUE","SD FALSE",2,1,250,0.324,"Power2 True","Power3 TRUE","SD FALSE",2,2,250,0.288666666666667,"Power2 True","Power3 TRUE","SD FALSE",2,3,250,0.328666666666667,"Power2 True","Power3 TRUE","SD FALSE",2,4,250
"531",0.409666666666667,"Power2 True","Power3 TRUE","SD FALSE",3,1,250,0.428,"Power2 True","Power3 TRUE","SD FALSE",3,2,250,0.393333333333333,"Power2 True","Power3 TRUE","SD FALSE",3,3,250,0.44,"Power2 True","Power3 TRUE","SD FALSE",3,4,250
"541",0.201,"Power2 True","Power3 TRUE","SD FALSE",1,1,300,0.21,"Power2 True","Power3 TRUE","SD FALSE",1,2,300,0.183666666666667,"Power2 True","Power3 TRUE","SD FALSE",1,3,300,0.198,"Power2 True","Power3 TRUE","SD FALSE",1,4,300
"542",0.283,"Power2 True","Power3 TRUE","SD FALSE",2,1,300,0.313,"Power2 True","Power3 TRUE","SD FALSE",2,2,300,0.279333333333333,"Power2 True","Power3 TRUE","SD FALSE",2,3,300,0.331666666666667,"Power2 True","Power3 TRUE","SD FALSE",2,4,300
"543",0.404,"Power2 True","Power3 TRUE","SD FALSE",3,1,300,0.428666666666667,"Power2 True","Power3 TRUE","SD FALSE",3,2,300,0.402666666666667,"Power2 True","Power3 TRUE","SD FALSE",3,3,300,0.436666666666667,"Power2 True","Power3 TRUE","SD FALSE",3,4,300
"553",0.180333333333333,"Power2 True","Power3 TRUE","SD FALSE",1,1,350,0.205,"Power2 True","Power3 TRUE","SD FALSE",1,2,350,0.188666666666667,"Power2 True","Power3 TRUE","SD FALSE",1,3,350,0.202333333333333,"Power2 True","Power3 TRUE","SD FALSE",1,4,350
"554",0.275666666666667,"Power2 True","Power3 TRUE","SD FALSE",2,1,350,0.306666666666667,"Power2 True","Power3 TRUE","SD FALSE",2,2,350,0.275666666666667,"Power2 True","Power3 TRUE","SD FALSE",2,3,350,0.321,"Power2 True","Power3 TRUE","SD FALSE",2,4,350
"555",0.401333333333333,"Power2 True","Power3 TRUE","SD FALSE",3,1,350,0.431,"Power2 True","Power3 TRUE","SD FALSE",3,2,350,0.381333333333333,"Power2 True","Power3 TRUE","SD FALSE",3,3,350,0.437,"Power2 True","Power3 TRUE","SD FALSE",3,4,350
"565",0.187333333333333,"Power2 True","Power3 TRUE","SD FALSE",1,1,400,0.224333333333333,"Power2 True","Power3 TRUE","SD FALSE",1,2,400,0.181666666666667,"Power2 True","Power3 TRUE","SD FALSE",1,3,400,0.207,"Power2 True","Power3 TRUE","SD FALSE",1,4,400
"566",0.291333333333333,"Power2 True","Power3 TRUE","SD FALSE",2,1,400,0.329333333333333,"Power2 True","Power3 TRUE","SD FALSE",2,2,400,0.278333333333333,"Power2 True","Power3 TRUE","SD FALSE",2,3,400,0.32,"Power2 True","Power3 TRUE","SD FALSE",2,4,400
"567",0.400333333333333,"Power2 True","Power3 TRUE","SD FALSE",3,1,400,0.447333333333333,"Power2 True","Power3 TRUE","SD FALSE",3,2,400,0.386,"Power2 True","Power3 TRUE","SD FALSE",3,3,400,0.451666666666667,"Power2 True","Power3 TRUE","SD FALSE",3,4,400
"577",0.199,"Power2 True","Power3 TRUE","SD FALSE",1,1,450,0.213333333333333,"Power2 True","Power3 TRUE","SD FALSE",1,2,450,0.178,"Power2 True","Power3 TRUE","SD FALSE",1,3,450,0.218,"Power2 True","Power3 TRUE","SD FALSE",1,4,450
"578",0.271,"Power2 True","Power3 TRUE","SD FALSE",2,1,450,0.322333333333333,"Power2 True","Power3 TRUE","SD FALSE",2,2,450,0.281,"Power2 True","Power3 TRUE","SD FALSE",2,3,450,0.326,"Power2 True","Power3 TRUE","SD FALSE",2,4,450
"579",0.386333333333333,"Power2 True","Power3 TRUE","SD FALSE",3,1,450,0.430666666666667,"Power2 True","Power3 TRUE","SD FALSE",3,2,450,0.386666666666667,"Power2 True","Power3 TRUE","SD FALSE",3,3,450,0.443333333333333,"Power2 True","Power3 TRUE","SD FALSE",3,4,450
"589",0.178333333333333,"Power2 True","Power3 TRUE","SD FALSE",1,1,500,0.21,"Power2 True","Power3 TRUE","SD FALSE",1,2,500,0.175,"Power2 True","Power3 TRUE","SD FALSE",1,3,500,0.216,"Power2 True","Power3 TRUE","SD FALSE",1,4,500
"590",0.282,"Power2 True","Power3 TRUE","SD FALSE",2,1,500,0.285,"Power2 True","Power3 TRUE","SD FALSE",2,2,500,0.272333333333333,"Power2 True","Power3 TRUE","SD FALSE",2,3,500,0.316333333333333,"Power2 True","Power3 TRUE","SD FALSE",2,4,500
"591",0.407333333333333,"Power2 True","Power3 TRUE","SD FALSE",3,1,500,0.432666666666667,"Power2 True","Power3 TRUE","SD FALSE",3,2,500,0.383333333333333,"Power2 True","Power3 TRUE","SD FALSE",3,3,500,0.432,"Power2 True","Power3 TRUE","SD FALSE",3,4,500
"601",0.203,"Power2 True","Power3 FALSE","SD FALSE",1,1,50,0.208,"Power2 True","Power3 FALSE","SD FALSE",1,2,50,0.189666666666667,"Power2 True","Power3 FALSE","SD FALSE",1,3,50,0.224333333333333,"Power2 True","Power3 FALSE","SD FALSE",1,4,50
"602",0.304666666666667,"Power2 True","Power3 FALSE","SD FALSE",2,1,50,0.331333333333333,"Power2 True","Power3 FALSE","SD FALSE",2,2,50,0.289666666666667,"Power2 True","Power3 FALSE","SD FALSE",2,3,50,0.33,"Power2 True","Power3 FALSE","SD FALSE",2,4,50
"603",0.439333333333333,"Power2 True","Power3 FALSE","SD FALSE",3,1,50,0.452,"Power2 True","Power3 FALSE","SD FALSE",3,2,50,0.436,"Power2 True","Power3 FALSE","SD FALSE",3,3,50,0.474666666666667,"Power2 True","Power3 FALSE","SD FALSE",3,4,50
"613",0.186666666666667,"Power2 True","Power3 FALSE","SD FALSE",1,1,100,0.195,"Power2 True","Power3 FALSE","SD FALSE",1,2,100,0.192666666666667,"Power2 True","Power3 FALSE","SD FALSE",1,3,100,0.202333333333333,"Power2 True","Power3 FALSE","SD FALSE",1,4,100
"614",0.299,"Power2 True","Power3 FALSE","SD FALSE",2,1,100,0.304,"Power2 True","Power3 FALSE","SD FALSE",2,2,100,0.284666666666667,"Power2 True","Power3 FALSE","SD FALSE",2,3,100,0.33,"Power2 True","Power3 FALSE","SD FALSE",2,4,100
"615",0.446666666666667,"Power2 True","Power3 FALSE","SD FALSE",3,1,100,0.426333333333333,"Power2 True","Power3 FALSE","SD FALSE",3,2,100,0.407,"Power2 True","Power3 FALSE","SD FALSE",3,3,100,0.443666666666667,"Power2 True","Power3 FALSE","SD FALSE",3,4,100
"625",0.179666666666667,"Power2 True","Power3 FALSE","SD FALSE",1,1,150,0.221,"Power2 True","Power3 FALSE","SD FALSE",1,2,150,0.178,"Power2 True","Power3 FALSE","SD FALSE",1,3,150,0.209,"Power2 True","Power3 FALSE","SD FALSE",1,4,150
"626",0.286666666666667,"Power2 True","Power3 FALSE","SD FALSE",2,1,150,0.333666666666667,"Power2 True","Power3 FALSE","SD FALSE",2,2,150,0.288,"Power2 True","Power3 FALSE","SD FALSE",2,3,150,0.333333333333333,"Power2 True","Power3 FALSE","SD FALSE",2,4,150
"627",0.412,"Power2 True","Power3 FALSE","SD FALSE",3,1,150,0.439666666666667,"Power2 True","Power3 FALSE","SD FALSE",3,2,150,0.389333333333333,"Power2 True","Power3 FALSE","SD FALSE",3,3,150,0.44,"Power2 True","Power3 FALSE","SD FALSE",3,4,150
"637",0.181333333333333,"Power2 True","Power3 FALSE","SD FALSE",1,1,200,0.215666666666667,"Power2 True","Power3 FALSE","SD FALSE",1,2,200,0.175333333333333,"Power2 True","Power3 FALSE","SD FALSE",1,3,200,0.223666666666667,"Power2 True","Power3 FALSE","SD FALSE",1,4,200
"638",0.286,"Power2 True","Power3 FALSE","SD FALSE",2,1,200,0.308666666666667,"Power2 True","Power3 FALSE","SD FALSE",2,2,200,0.282,"Power2 True","Power3 FALSE","SD FALSE",2,3,200,0.32,"Power2 True","Power3 FALSE","SD FALSE",2,4,200
"639",0.416333333333333,"Power2 True","Power3 FALSE","SD FALSE",3,1,200,0.443666666666667,"Power2 True","Power3 FALSE","SD FALSE",3,2,200,0.378,"Power2 True","Power3 FALSE","SD FALSE",3,3,200,0.445,"Power2 True","Power3 FALSE","SD FALSE",3,4,200
"649",0.173,"Power2 True","Power3 FALSE","SD FALSE",1,1,250,0.211333333333333,"Power2 True","Power3 FALSE","SD FALSE",1,2,250,0.181,"Power2 True","Power3 FALSE","SD FALSE",1,3,250,0.213666666666667,"Power2 True","Power3 FALSE","SD FALSE",1,4,250
"650",0.279666666666667,"Power2 True","Power3 FALSE","SD FALSE",2,1,250,0.308,"Power2 True","Power3 FALSE","SD FALSE",2,2,250,0.276333333333333,"Power2 True","Power3 FALSE","SD FALSE",2,3,250,0.333,"Power2 True","Power3 FALSE","SD FALSE",2,4,250
"651",0.394666666666667,"Power2 True","Power3 FALSE","SD FALSE",3,1,250,0.428,"Power2 True","Power3 FALSE","SD FALSE",3,2,250,0.378333333333333,"Power2 True","Power3 FALSE","SD FALSE",3,3,250,0.439666666666667,"Power2 True","Power3 FALSE","SD FALSE",3,4,250
"661",0.175666666666667,"Power2 True","Power3 FALSE","SD FALSE",1,1,300,0.210666666666667,"Power2 True","Power3 FALSE","SD FALSE",1,2,300,0.181,"Power2 True","Power3 FALSE","SD FALSE",1,3,300,0.204666666666667,"Power2 True","Power3 FALSE","SD FALSE",1,4,300
"662",0.274333333333333,"Power2 True","Power3 FALSE","SD FALSE",2,1,300,0.314666666666667,"Power2 True","Power3 FALSE","SD FALSE",2,2,300,0.265666666666667,"Power2 True","Power3 FALSE","SD FALSE",2,3,300,0.323666666666667,"Power2 True","Power3 FALSE","SD FALSE",2,4,300
"663",0.394666666666667,"Power2 True","Power3 FALSE","SD FALSE",3,1,300,0.434666666666667,"Power2 True","Power3 FALSE","SD FALSE",3,2,300,0.373666666666667,"Power2 True","Power3 FALSE","SD FALSE",3,3,300,0.429666666666667,"Power2 True","Power3 FALSE","SD FALSE",3,4,300
"673",0.187666666666667,"Power2 True","Power3 FALSE","SD FALSE",1,1,350,0.192666666666667,"Power2 True","Power3 FALSE","SD FALSE",1,2,350,0.185,"Power2 True","Power3 FALSE","SD FALSE",1,3,350,0.198,"Power2 True","Power3 FALSE","SD FALSE",1,4,350
"674",0.304666666666667,"Power2 True","Power3 FALSE","SD FALSE",2,1,350,0.316333333333333,"Power2 True","Power3 FALSE","SD FALSE",2,2,350,0.267,"Power2 True","Power3 FALSE","SD FALSE",2,3,350,0.327666666666667,"Power2 True","Power3 FALSE","SD FALSE",2,4,350
"675",0.398666666666667,"Power2 True","Power3 FALSE","SD FALSE",3,1,350,0.433,"Power2 True","Power3 FALSE","SD FALSE",3,2,350,0.380333333333333,"Power2 True","Power3 FALSE","SD FALSE",3,3,350,0.431,"Power2 True","Power3 FALSE","SD FALSE",3,4,350
"685",0.186333333333333,"Power2 True","Power3 FALSE","SD FALSE",1,1,400,0.214,"Power2 True","Power3 FALSE","SD FALSE",1,2,400,0.184333333333333,"Power2 True","Power3 FALSE","SD FALSE",1,3,400,0.204333333333333,"Power2 True","Power3 FALSE","SD FALSE",1,4,400
"686",0.265666666666667,"Power2 True","Power3 FALSE","SD FALSE",2,1,400,0.313666666666667,"Power2 True","Power3 FALSE","SD FALSE",2,2,400,0.292666666666667,"Power2 True","Power3 FALSE","SD FALSE",2,3,400,0.304,"Power2 True","Power3 FALSE","SD FALSE",2,4,400
"687",0.395333333333333,"Power2 True","Power3 FALSE","SD FALSE",3,1,400,0.419666666666667,"Power2 True","Power3 FALSE","SD FALSE",3,2,400,0.377666666666667,"Power2 True","Power3 FALSE","SD FALSE",3,3,400,0.433333333333333,"Power2 True","Power3 FALSE","SD FALSE",3,4,400
"697",0.184333333333333,"Power2 True","Power3 FALSE","SD FALSE",1,1,450,0.199333333333333,"Power2 True","Power3 FALSE","SD FALSE",1,2,450,0.193,"Power2 True","Power3 FALSE","SD FALSE",1,3,450,0.202333333333333,"Power2 True","Power3 FALSE","SD FALSE",1,4,450
"698",0.278666666666667,"Power2 True","Power3 FALSE","SD FALSE",2,1,450,0.311666666666667,"Power2 True","Power3 FALSE","SD FALSE",2,2,450,0.273666666666667,"Power2 True","Power3 FALSE","SD FALSE",2,3,450,0.325333333333333,"Power2 True","Power3 FALSE","SD FALSE",2,4,450
"699",0.385666666666667,"Power2 True","Power3 FALSE","SD FALSE",3,1,450,0.427333333333333,"Power2 True","Power3 FALSE","SD FALSE",3,2,450,0.4,"Power2 True","Power3 FALSE","SD FALSE",3,3,450,0.443333333333333,"Power2 True","Power3 FALSE","SD FALSE",3,4,450
"709",0.181,"Power2 True","Power3 FALSE","SD FALSE",1,1,500,0.203333333333333,"Power2 True","Power3 FALSE","SD FALSE",1,2,500,0.171333333333333,"Power2 True","Power3 FALSE","SD FALSE",1,3,500,0.200333333333333,"Power2 True","Power3 FALSE","SD FALSE",1,4,500
"710",0.263333333333333,"Power2 True","Power3 FALSE","SD FALSE",2,1,500,0.316666666666667,"Power2 True","Power3 FALSE","SD FALSE",2,2,500,0.261333333333333,"Power2 True","Power3 FALSE","SD FALSE",2,3,500,0.329666666666667,"Power2 True","Power3 FALSE","SD FALSE",2,4,500
"711",0.381666666666667,"Power2 True","Power3 FALSE","SD FALSE",3,1,500,0.422333333333333,"Power2 True","Power3 FALSE","SD FALSE",3,2,500,0.380333333333333,"Power2 True","Power3 FALSE","SD FALSE",3,3,500,0.433,"Power2 True","Power3 FALSE","SD FALSE",3,4,500
"721",0.0666666666666667,"Power2 FALSE","Power3 FALSE","SD FALSE",1,1,50,0.0573333333333333,"Power2 FALSE","Power3 FALSE","SD FALSE",1,2,50,0.0763333333333333,"Power2 FALSE","Power3 FALSE","SD FALSE",1,3,50,0.0606666666666667,"Power2 FALSE","Power3 FALSE","SD FALSE",1,4,50
"722",0.0866666666666667,"Power2 FALSE","Power3 FALSE","SD FALSE",2,1,50,0.0866666666666667,"Power2 FALSE","Power3 FALSE","SD FALSE",2,2,50,0.0783333333333333,"Power2 FALSE","Power3 FALSE","SD FALSE",2,3,50,0.08,"Power2 FALSE","Power3 FALSE","SD FALSE",2,4,50
"723",0.0973333333333333,"Power2 FALSE","Power3 FALSE","SD FALSE",3,1,50,0.087,"Power2 FALSE","Power3 FALSE","SD FALSE",3,2,50,0.102,"Power2 FALSE","Power3 FALSE","SD FALSE",3,3,50,0.0906666666666667,"Power2 FALSE","Power3 FALSE","SD FALSE",3,4,50
"733",0.0743333333333333,"Power2 FALSE","Power3 FALSE","SD FALSE",1,1,100,0.063,"Power2 FALSE","Power3 FALSE","SD FALSE",1,2,100,0.06,"Power2 FALSE","Power3 FALSE","SD FALSE",1,3,100,0.0683333333333333,"Power2 FALSE","Power3 FALSE","SD FALSE",1,4,100
"734",0.074,"Power2 FALSE","Power3 FALSE","SD FALSE",2,1,100,0.0783333333333333,"Power2 FALSE","Power3 FALSE","SD FALSE",2,2,100,0.084,"Power2 FALSE","Power3 FALSE","SD FALSE",2,3,100,0.07,"Power2 FALSE","Power3 FALSE","SD FALSE",2,4,100
"735",0.0946666666666667,"Power2 FALSE","Power3 FALSE","SD FALSE",3,1,100,0.0816666666666667,"Power2 FALSE","Power3 FALSE","SD FALSE",3,2,100,0.0953333333333333,"Power2 FALSE","Power3 FALSE","SD FALSE",3,3,100,0.0906666666666667,"Power2 FALSE","Power3 FALSE","SD FALSE",3,4,100
"745",0.0783333333333333,"Power2 FALSE","Power3 FALSE","SD FALSE",1,1,150,0.0633333333333333,"Power2 FALSE","Power3 FALSE","SD FALSE",1,2,150,0.0593333333333333,"Power2 FALSE","Power3 FALSE","SD FALSE",1,3,150,0.069,"Power2 FALSE","Power3 FALSE","SD FALSE",1,4,150
"746",0.076,"Power2 FALSE","Power3 FALSE","SD FALSE",2,1,150,0.0703333333333333,"Power2 FALSE","Power3 FALSE","SD FALSE",2,2,150,0.0706666666666667,"Power2 FALSE","Power3 FALSE","SD FALSE",2,3,150,0.0713333333333333,"Power2 FALSE","Power3 FALSE","SD FALSE",2,4,150
"747",0.094,"Power2 FALSE","Power3 FALSE","SD FALSE",3,1,150,0.0846666666666667,"Power2 FALSE","Power3 FALSE","SD FALSE",3,2,150,0.104333333333333,"Power2 FALSE","Power3 FALSE","SD FALSE",3,3,150,0.0896666666666667,"Power2 FALSE","Power3 FALSE","SD FALSE",3,4,150
"757",0.0646666666666667,"Power2 FALSE","Power3 FALSE","SD FALSE",1,1,200,0.0653333333333333,"Power2 FALSE","Power3 FALSE","SD FALSE",1,2,200,0.0696666666666667,"Power2 FALSE","Power3 FALSE","SD FALSE",1,3,200,0.0673333333333333,"Power2 FALSE","Power3 FALSE","SD FALSE",1,4,200
"758",0.0766666666666667,"Power2 FALSE","Power3 FALSE","SD FALSE",2,1,200,0.0686666666666667,"Power2 FALSE","Power3 FALSE","SD FALSE",2,2,200,0.0866666666666667,"Power2 FALSE","Power3 FALSE","SD FALSE",2,3,200,0.0656666666666667,"Power2 FALSE","Power3 FALSE","SD FALSE",2,4,200
"759",0.104,"Power2 FALSE","Power3 FALSE","SD FALSE",3,1,200,0.087,"Power2 FALSE","Power3 FALSE","SD FALSE",3,2,200,0.0953333333333333,"Power2 FALSE","Power3 FALSE","SD FALSE",3,3,200,0.087,"Power2 FALSE","Power3 FALSE","SD FALSE",3,4,200
"769",0.0643333333333333,"Power2 FALSE","Power3 FALSE","SD FALSE",1,1,250,0.064,"Power2 FALSE","Power3 FALSE","SD FALSE",1,2,250,0.0663333333333333,"Power2 FALSE","Power3 FALSE","SD FALSE",1,3,250,0.067,"Power2 FALSE","Power3 FALSE","SD FALSE",1,4,250
"770",0.0896666666666667,"Power2 FALSE","Power3 FALSE","SD FALSE",2,1,250,0.0723333333333333,"Power2 FALSE","Power3 FALSE","SD FALSE",2,2,250,0.0776666666666667,"Power2 FALSE","Power3 FALSE","SD FALSE",2,3,250,0.0816666666666667,"Power2 FALSE","Power3 FALSE","SD FALSE",2,4,250
"771",0.0996666666666667,"Power2 FALSE","Power3 FALSE","SD FALSE",3,1,250,0.0743333333333333,"Power2 FALSE","Power3 FALSE","SD FALSE",3,2,250,0.0973333333333333,"Power2 FALSE","Power3 FALSE","SD FALSE",3,3,250,0.0816666666666667,"Power2 FALSE","Power3 FALSE","SD FALSE",3,4,250
"781",0.0686666666666667,"Power2 FALSE","Power3 FALSE","SD FALSE",1,1,300,0.0623333333333333,"Power2 FALSE","Power3 FALSE","SD FALSE",1,2,300,0.0653333333333333,"Power2 FALSE","Power3 FALSE","SD FALSE",1,3,300,0.0543333333333333,"Power2 FALSE","Power3 FALSE","SD FALSE",1,4,300
"782",0.0843333333333333,"Power2 FALSE","Power3 FALSE","SD FALSE",2,1,300,0.071,"Power2 FALSE","Power3 FALSE","SD FALSE",2,2,300,0.0743333333333333,"Power2 FALSE","Power3 FALSE","SD FALSE",2,3,300,0.073,"Power2 FALSE","Power3 FALSE","SD FALSE",2,4,300
"783",0.0993333333333333,"Power2 FALSE","Power3 FALSE","SD FALSE",3,1,300,0.089,"Power2 FALSE","Power3 FALSE","SD FALSE",3,2,300,0.111666666666667,"Power2 FALSE","Power3 FALSE","SD FALSE",3,3,300,0.0863333333333333,"Power2 FALSE","Power3 FALSE","SD FALSE",3,4,300
"793",0.0693333333333333,"Power2 FALSE","Power3 FALSE","SD FALSE",1,1,350,0.0603333333333333,"Power2 FALSE","Power3 FALSE","SD FALSE",1,2,350,0.0656666666666667,"Power2 FALSE","Power3 FALSE","SD FALSE",1,3,350,0.059,"Power2 FALSE","Power3 FALSE","SD FALSE",1,4,350
"794",0.0823333333333333,"Power2 FALSE","Power3 FALSE","SD FALSE",2,1,350,0.069,"Power2 FALSE","Power3 FALSE","SD FALSE",2,2,350,0.0776666666666667,"Power2 FALSE","Power3 FALSE","SD FALSE",2,3,350,0.0846666666666667,"Power2 FALSE","Power3 FALSE","SD FALSE",2,4,350
"795",0.105,"Power2 FALSE","Power3 FALSE","SD FALSE",3,1,350,0.0876666666666667,"Power2 FALSE","Power3 FALSE","SD FALSE",3,2,350,0.11,"Power2 FALSE","Power3 FALSE","SD FALSE",3,3,350,0.091,"Power2 FALSE","Power3 FALSE","SD FALSE",3,4,350
"805",0.072,"Power2 FALSE","Power3 FALSE","SD FALSE",1,1,400,0.0623333333333333,"Power2 FALSE","Power3 FALSE","SD FALSE",1,2,400,0.066,"Power2 FALSE","Power3 FALSE","SD FALSE",1,3,400,0.0636666666666667,"Power2 FALSE","Power3 FALSE","SD FALSE",1,4,400
"806",0.094,"Power2 FALSE","Power3 FALSE","SD FALSE",2,1,400,0.0733333333333333,"Power2 FALSE","Power3 FALSE","SD FALSE",2,2,400,0.0816666666666667,"Power2 FALSE","Power3 FALSE","SD FALSE",2,3,400,0.0783333333333333,"Power2 FALSE","Power3 FALSE","SD FALSE",2,4,400
"807",0.0993333333333333,"Power2 FALSE","Power3 FALSE","SD FALSE",3,1,400,0.0843333333333333,"Power2 FALSE","Power3 FALSE","SD FALSE",3,2,400,0.105333333333333,"Power2 FALSE","Power3 FALSE","SD FALSE",3,3,400,0.0886666666666667,"Power2 FALSE","Power3 FALSE","SD FALSE",3,4,400
"817",0.0666666666666667,"Power2 FALSE","Power3 FALSE","SD FALSE",1,1,450,0.0696666666666667,"Power2 FALSE","Power3 FALSE","SD FALSE",1,2,450,0.0613333333333333,"Power2 FALSE","Power3 FALSE","SD FALSE",1,3,450,0.0566666666666667,"Power2 FALSE","Power3 FALSE","SD FALSE",1,4,450
"818",0.0846666666666667,"Power2 FALSE","Power3 FALSE","SD FALSE",2,1,450,0.0733333333333333,"Power2 FALSE","Power3 FALSE","SD FALSE",2,2,450,0.0833333333333333,"Power2 FALSE","Power3 FALSE","SD FALSE",2,3,450,0.0796666666666667,"Power2 FALSE","Power3 FALSE","SD FALSE",2,4,450
"819",0.100333333333333,"Power2 FALSE","Power3 FALSE","SD FALSE",3,1,450,0.089,"Power2 FALSE","Power3 FALSE","SD FALSE",3,2,450,0.092,"Power2 FALSE","Power3 FALSE","SD FALSE",3,3,450,0.0866666666666667,"Power2 FALSE","Power3 FALSE","SD FALSE",3,4,450
"829",0.0726666666666667,"Power2 FALSE","Power3 FALSE","SD FALSE",1,1,500,0.057,"Power2 FALSE","Power3 FALSE","SD FALSE",1,2,500,0.0656666666666667,"Power2 FALSE","Power3 FALSE","SD FALSE",1,3,500,0.0573333333333333,"Power2 FALSE","Power3 FALSE","SD FALSE",1,4,500
"830",0.087,"Power2 FALSE","Power3 FALSE","SD FALSE",2,1,500,0.0743333333333333,"Power2 FALSE","Power3 FALSE","SD FALSE",2,2,500,0.0803333333333333,"Power2 FALSE","Power3 FALSE","SD FALSE",2,3,500,0.0673333333333333,"Power2 FALSE","Power3 FALSE","SD FALSE",2,4,500
"831",0.099,"Power2 FALSE","Power3 FALSE","SD FALSE",3,1,500,0.0833333333333333,"Power2 FALSE","Power3 FALSE","SD FALSE",3,2,500,0.086,"Power2 FALSE","Power3 FALSE","SD FALSE",3,3,500,0.083,"Power2 FALSE","Power3 FALSE","SD FALSE",3,4,500
"841",0.0746666666666667,"Power2 FALSE","Power3 TRUE","SD FALSE",1,1,50,0.0703333333333333,"Power2 FALSE","Power3 TRUE","SD FALSE",1,2,50,0.0676666666666667,"Power2 FALSE","Power3 TRUE","SD FALSE",1,3,50,0.065,"Power2 FALSE","Power3 TRUE","SD FALSE",1,4,50
"842",0.0933333333333333,"Power2 FALSE","Power3 TRUE","SD FALSE",2,1,50,0.0963333333333333,"Power2 FALSE","Power3 TRUE","SD FALSE",2,2,50,0.0963333333333333,"Power2 FALSE","Power3 TRUE","SD FALSE",2,3,50,0.0863333333333333,"Power2 FALSE","Power3 TRUE","SD FALSE",2,4,50
"843",0.139666666666667,"Power2 FALSE","Power3 TRUE","SD FALSE",3,1,50,0.129333333333333,"Power2 FALSE","Power3 TRUE","SD FALSE",3,2,50,0.140666666666667,"Power2 FALSE","Power3 TRUE","SD FALSE",3,3,50,0.136666666666667,"Power2 FALSE","Power3 TRUE","SD FALSE",3,4,50
"853",0.0686666666666667,"Power2 FALSE","Power3 TRUE","SD FALSE",1,1,100,0.0636666666666667,"Power2 FALSE","Power3 TRUE","SD FALSE",1,2,100,0.0706666666666667,"Power2 FALSE","Power3 TRUE","SD FALSE",1,3,100,0.0766666666666667,"Power2 FALSE","Power3 TRUE","SD FALSE",1,4,100
"854",0.0923333333333333,"Power2 FALSE","Power3 TRUE","SD FALSE",2,1,100,0.08,"Power2 FALSE","Power3 TRUE","SD FALSE",2,2,100,0.0983333333333333,"Power2 FALSE","Power3 TRUE","SD FALSE",2,3,100,0.0836666666666667,"Power2 FALSE","Power3 TRUE","SD FALSE",2,4,100
"855",0.123333333333333,"Power2 FALSE","Power3 TRUE","SD FALSE",3,1,100,0.101333333333333,"Power2 FALSE","Power3 TRUE","SD FALSE",3,2,100,0.114666666666667,"Power2 FALSE","Power3 TRUE","SD FALSE",3,3,100,0.104333333333333,"Power2 FALSE","Power3 TRUE","SD FALSE",3,4,100
"865",0.0593333333333333,"Power2 FALSE","Power3 TRUE","SD FALSE",1,1,150,0.0656666666666667,"Power2 FALSE","Power3 TRUE","SD FALSE",1,2,150,0.07,"Power2 FALSE","Power3 TRUE","SD FALSE",1,3,150,0.062,"Power2 FALSE","Power3 TRUE","SD FALSE",1,4,150
"866",0.0873333333333333,"Power2 FALSE","Power3 TRUE","SD FALSE",2,1,150,0.0836666666666667,"Power2 FALSE","Power3 TRUE","SD FALSE",2,2,150,0.086,"Power2 FALSE","Power3 TRUE","SD FALSE",2,3,150,0.083,"Power2 FALSE","Power3 TRUE","SD FALSE",2,4,150
"867",0.125666666666667,"Power2 FALSE","Power3 TRUE","SD FALSE",3,1,150,0.108,"Power2 FALSE","Power3 TRUE","SD FALSE",3,2,150,0.109333333333333,"Power2 FALSE","Power3 TRUE","SD FALSE",3,3,150,0.101666666666667,"Power2 FALSE","Power3 TRUE","SD FALSE",3,4,150
"877",0.0626666666666667,"Power2 FALSE","Power3 TRUE","SD FALSE",1,1,200,0.0696666666666667,"Power2 FALSE","Power3 TRUE","SD FALSE",1,2,200,0.0673333333333333,"Power2 FALSE","Power3 TRUE","SD FALSE",1,3,200,0.0566666666666667,"Power2 FALSE","Power3 TRUE","SD FALSE",1,4,200
"878",0.0863333333333333,"Power2 FALSE","Power3 TRUE","SD FALSE",2,1,200,0.0873333333333333,"Power2 FALSE","Power3 TRUE","SD FALSE",2,2,200,0.0933333333333333,"Power2 FALSE","Power3 TRUE","SD FALSE",2,3,200,0.074,"Power2 FALSE","Power3 TRUE","SD FALSE",2,4,200
"879",0.099,"Power2 FALSE","Power3 TRUE","SD FALSE",3,1,200,0.105666666666667,"Power2 FALSE","Power3 TRUE","SD FALSE",3,2,200,0.099,"Power2 FALSE","Power3 TRUE","SD FALSE",3,3,200,0.0923333333333333,"Power2 FALSE","Power3 TRUE","SD FALSE",3,4,200
"889",0.0733333333333333,"Power2 FALSE","Power3 TRUE","SD FALSE",1,1,250,0.0613333333333333,"Power2 FALSE","Power3 TRUE","SD FALSE",1,2,250,0.0696666666666667,"Power2 FALSE","Power3 TRUE","SD FALSE",1,3,250,0.0663333333333333,"Power2 FALSE","Power3 TRUE","SD FALSE",1,4,250
"890",0.0846666666666667,"Power2 FALSE","Power3 TRUE","SD FALSE",2,1,250,0.068,"Power2 FALSE","Power3 TRUE","SD FALSE",2,2,250,0.085,"Power2 FALSE","Power3 TRUE","SD FALSE",2,3,250,0.0866666666666667,"Power2 FALSE","Power3 TRUE","SD FALSE",2,4,250
"891",0.116333333333333,"Power2 FALSE","Power3 TRUE","SD FALSE",3,1,250,0.0903333333333333,"Power2 FALSE","Power3 TRUE","SD FALSE",3,2,250,0.114,"Power2 FALSE","Power3 TRUE","SD FALSE",3,3,250,0.096,"Power2 FALSE","Power3 TRUE","SD FALSE",3,4,250
"901",0.06,"Power2 FALSE","Power3 TRUE","SD FALSE",1,1,300,0.0713333333333333,"Power2 FALSE","Power3 TRUE","SD FALSE",1,2,300,0.069,"Power2 FALSE","Power3 TRUE","SD FALSE",1,3,300,0.0636666666666667,"Power2 FALSE","Power3 TRUE","SD FALSE",1,4,300
"902",0.0953333333333333,"Power2 FALSE","Power3 TRUE","SD FALSE",2,1,300,0.0883333333333333,"Power2 FALSE","Power3 TRUE","SD FALSE",2,2,300,0.088,"Power2 FALSE","Power3 TRUE","SD FALSE",2,3,300,0.076,"Power2 FALSE","Power3 TRUE","SD FALSE",2,4,300
"903",0.113,"Power2 FALSE","Power3 TRUE","SD FALSE",3,1,300,0.098,"Power2 FALSE","Power3 TRUE","SD FALSE",3,2,300,0.109333333333333,"Power2 FALSE","Power3 TRUE","SD FALSE",3,3,300,0.0983333333333333,"Power2 FALSE","Power3 TRUE","SD FALSE",3,4,300
"913",0.062,"Power2 FALSE","Power3 TRUE","SD FALSE",1,1,350,0.062,"Power2 FALSE","Power3 TRUE","SD FALSE",1,2,350,0.0723333333333333,"Power2 FALSE","Power3 TRUE","SD FALSE",1,3,350,0.064,"Power2 FALSE","Power3 TRUE","SD FALSE",1,4,350
"914",0.0863333333333333,"Power2 FALSE","Power3 TRUE","SD FALSE",2,1,350,0.0873333333333333,"Power2 FALSE","Power3 TRUE","SD FALSE",2,2,350,0.0856666666666667,"Power2 FALSE","Power3 TRUE","SD FALSE",2,3,350,0.0836666666666667,"Power2 FALSE","Power3 TRUE","SD FALSE",2,4,350
"915",0.110666666666667,"Power2 FALSE","Power3 TRUE","SD FALSE",3,1,350,0.0886666666666667,"Power2 FALSE","Power3 TRUE","SD FALSE",3,2,350,0.112,"Power2 FALSE","Power3 TRUE","SD FALSE",3,3,350,0.101666666666667,"Power2 FALSE","Power3 TRUE","SD FALSE",3,4,350
"925",0.0646666666666667,"Power2 FALSE","Power3 TRUE","SD FALSE",1,1,400,0.075,"Power2 FALSE","Power3 TRUE","SD FALSE",1,2,400,0.07,"Power2 FALSE","Power3 TRUE","SD FALSE",1,3,400,0.068,"Power2 FALSE","Power3 TRUE","SD FALSE",1,4,400
"926",0.0853333333333333,"Power2 FALSE","Power3 TRUE","SD FALSE",2,1,400,0.081,"Power2 FALSE","Power3 TRUE","SD FALSE",2,2,400,0.076,"Power2 FALSE","Power3 TRUE","SD FALSE",2,3,400,0.0773333333333333,"Power2 FALSE","Power3 TRUE","SD FALSE",2,4,400
"927",0.103333333333333,"Power2 FALSE","Power3 TRUE","SD FALSE",3,1,400,0.096,"Power2 FALSE","Power3 TRUE","SD FALSE",3,2,400,0.105333333333333,"Power2 FALSE","Power3 TRUE","SD FALSE",3,3,400,0.0943333333333333,"Power2 FALSE","Power3 TRUE","SD FALSE",3,4,400
"937",0.0716666666666667,"Power2 FALSE","Power3 TRUE","SD FALSE",1,1,450,0.0693333333333333,"Power2 FALSE","Power3 TRUE","SD FALSE",1,2,450,0.0643333333333333,"Power2 FALSE","Power3 TRUE","SD FALSE",1,3,450,0.0596666666666667,"Power2 FALSE","Power3 TRUE","SD FALSE",1,4,450
"938",0.0833333333333333,"Power2 FALSE","Power3 TRUE","SD FALSE",2,1,450,0.0813333333333333,"Power2 FALSE","Power3 TRUE","SD FALSE",2,2,450,0.0813333333333333,"Power2 FALSE","Power3 TRUE","SD FALSE",2,3,450,0.0813333333333333,"Power2 FALSE","Power3 TRUE","SD FALSE",2,4,450
"939",0.113,"Power2 FALSE","Power3 TRUE","SD FALSE",3,1,450,0.0903333333333333,"Power2 FALSE","Power3 TRUE","SD FALSE",3,2,450,0.111666666666667,"Power2 FALSE","Power3 TRUE","SD FALSE",3,3,450,0.100333333333333,"Power2 FALSE","Power3 TRUE","SD FALSE",3,4,450
"949",0.0743333333333333,"Power2 FALSE","Power3 TRUE","SD FALSE",1,1,500,0.062,"Power2 FALSE","Power3 TRUE","SD FALSE",1,2,500,0.071,"Power2 FALSE","Power3 TRUE","SD FALSE",1,3,500,0.0663333333333333,"Power2 FALSE","Power3 TRUE","SD FALSE",1,4,500
"950",0.083,"Power2 FALSE","Power3 TRUE","SD FALSE",2,1,500,0.076,"Power2 FALSE","Power3 TRUE","SD FALSE",2,2,500,0.0823333333333333,"Power2 FALSE","Power3 TRUE","SD FALSE",2,3,500,0.0806666666666667,"Power2 FALSE","Power3 TRUE","SD FALSE",2,4,500
"951",0.113,"Power2 FALSE","Power3 TRUE","SD FALSE",3,1,500,0.0973333333333333,"Power2 FALSE","Power3 TRUE","SD FALSE",3,2,500,0.0973333333333333,"Power2 FALSE","Power3 TRUE","SD FALSE",3,3,500,0.096,"Power2 FALSE","Power3 TRUE","SD FALSE",3,4,500
